{"cameraMode":{"drawMode":0,"name":"Shaded","section":"Shading Mode"},"sceneLighting":true,"audioPlay":false,"sceneViewState":{"showFog":true,"showMaterialUpdate":true,"showSkybox":true,"showFlares":true,"showImageEffects":true,"showParticleSystems":true},"in2DMode":false,"pivot":{"x":14.246251106262207,"y":-10.66546630859375,"z":24.406696319580079},"rotation":{"x":-0.02361489273607731,"y":-0.9410781264305115,"z":0.33057984709739687,"w":-0.06731530278921128},"size":102.48258209228516,"orthographic":false}